-- USER

INSERT INTO[USER](Member_id, Email, [Password], FName, LName, Phone, BDate, StudentFlag, Student_no, TeacherFlag) VALUES (1, 'birOgr@gmail.com', '111111', 'Kemal', 'Sezgen', '05075466199', '24-08-1999', 1, '05170000120', 0);
INSERT INTO[USER](Member_id, Email, [Password], FName, LName, Phone, BDate, StudentFlag, TeacherFlag, Title) VALUES (2, 'ikiTea@gmail.com', '222222', 'Ahmet', 'Arabacı', '05318956632', '21-02-1982', 0, 1, 'Asistan');
INSERT INTO[USER](Member_id, Email, [Password], FName, LName, Phone, BDate, StudentFlag, Student_no, TeacherFlag) VALUES (3, 'ucOgr@gmail.com', '333333', 'Erdem', 'Gazi', '05558997142', '01-03-1997', 1, '05170000100', 0);
INSERT INTO[USER](Member_id, Email, [Password], FName, LName, Phone, BDate, StudentFlag, Student_no, TeacherFlag) VALUES (4, 'dortOgr@gmail.com', '444444', 'Cem', 'Ulus', '05056632625', '11-11-1998', 1, '05170000490', 0);
INSERT INTO[USER](Member_id, Email, [Password], FName, LName, Phone, BDate, StudentFlag, TeacherFlag, Title) VALUES (5, 'besTea@gmail.com', '555555', 'Yunus', 'Emre', '05421591515', '22-12-1972', 0, 1, 'Doçent');
INSERT INTO[USER](Member_id, Email, [Password], FName, LName, Phone, BDate, StudentFlag, Student_no, TeacherFlag) VALUES (6, 'altiOgr@gmail.com', '666666', 'Arda', 'Turan', '05359876543', '15-08-1999', 1, '05170000101', 0);
INSERT INTO[USER](Member_id, Email, [Password], FName, LName, Phone, BDate, StudentFlag, Student_no, TeacherFlag) VALUES (7, 'yediOgr@gmail.com', '777777', 'Selin', 'Yardımcı', '05542583614', '04-02-1999', 1, '05170000111', 0);
INSERT INTO[USER](Member_id, Email, [Password], FName, LName, Phone, BDate, StudentFlag, Student_no, TeacherFlag) VALUES (8, 'sekizOgr@gmail.com', '888888', 'Gürkan', 'Yalçın', '05552221133', '24-08-1999', 1, '05190000120', 0);
INSERT INTO[USER](Member_id, Email, [Password], FName, LName, Phone, BDate, StudentFlag, TeacherFlag, Title) VALUES (9, 'dokuzTea@gmail.com', '999999', 'Mehmet', 'Topal', '05456665544', '21-02-1952', 0, 1, 'Profesör');
INSERT INTO[USER](Member_id, Email, [Password], FName, LName, Phone, BDate, StudentFlag, Student_no, TeacherFlag) VALUES (10, 'onOgr@gmail.com', '101010', 'Sergen', 'Yıldırım', '05336669988', '01-03-1997', 1, '05190000100', 0);
INSERT INTO[USER](Member_id, Email, [Password], FName, LName, Phone, BDate, StudentFlag, Student_no, TeacherFlag) VALUES (11, 'onBirOgr@gmail.com', '111111', 'Okan', 'Can', '05050550505', '11-11-1998', 1, '05190000490', 0);
INSERT INTO[USER](Member_id, Email, [Password], FName, LName, Phone, BDate, StudentFlag, TeacherFlag, Title) VALUES (12, 'onİkiTea@gmail.com', '121212', 'Sabri', 'Sarıoğlu', '05079998877', '22-12-1972', 0, 1, 'Doçent');
INSERT INTO[USER](Member_id, Email, [Password], FName, LName, Phone, BDate, StudentFlag, Student_no, TeacherFlag) VALUES (13, 'onUcOgr@gmail.com', '131313', 'Naz', 'Çiftçi', '05066665544', '15-08-1999', 1, '05190000191', 0);
INSERT INTO[USER](Member_id, Email, [Password], FName, LName, Phone, BDate, StudentFlag, Student_no, TeacherFlag) VALUES (14, 'onDortOgr@gmail.com', '141414', 'Simge', 'Güzel', '05051112233', '04-02-1999', 1, '05200000121', 0);
INSERT INTO[USER](Member_id, Email, [Password], FName, LName, Phone, BDate, StudentFlag, Student_no, TeacherFlag) VALUES (15, 'onBesOgr@gmail.com', '151515', 'Furkan', 'Turan', '05552221112', '24-08-1999', 1, '05150000120', 0);
INSERT INTO[USER](Member_id, Email, [Password], FName, LName, Phone, BDate, StudentFlag, TeacherFlag, Title) VALUES (16, 'onAltiTea@gmail.com', '161616', 'Fatma', 'Bayık', '05456612544', '21-06-1992', 0, 1, 'Araştırma Görevlisi');
INSERT INTO[USER](Member_id, Email, [Password], FName, LName, Phone, BDate, StudentFlag, Student_no, TeacherFlag) VALUES (17, 'onYediOgr@gmail.com', '171717', 'Tuncay', 'Kahraman', '05336129988', '01-06-1997', 1, '05160000160', 0);
INSERT INTO[USER](Member_id, Email, [Password], FName, LName, Phone, BDate, StudentFlag, Student_no, TeacherFlag) VALUES (18, 'onSekizOgr@gmail.com', '181818', 'Mehmet', 'Ünalır', '05050512505', '11-01-1998', 1, '05210000490', 0);
INSERT INTO[USER](Member_id, Email, [Password], FName, LName, Phone, BDate, StudentFlag, TeacherFlag, Title) VALUES (19, 'onDokuzTea@gmail.com', '191919', 'Fernando', 'Muslera', '05079912877', '22-02-1972', 0, 1, 'Profesör');
INSERT INTO[USER](Member_id, Email, [Password], FName, LName, Phone, BDate, StudentFlag, Student_no, TeacherFlag) VALUES (20, 'yirmiOgr@gmail.com', '202020', 'Ersin', 'Destanoğlu', '05066612544', '05-08-1999', 1, '05210000091', 0);
INSERT INTO[USER](Member_id, Email, [Password], FName, LName, Phone, BDate, StudentFlag, Student_no, TeacherFlag) VALUES (21, 'yirmiBirOgr@gmail.com', '212121', 'Meral', 'Dönmez', '05051212248', '01-02-1999', 1, '05210000032', 0);
INSERT INTO[USER](Member_id, Email, [Password], FName, LName, Phone, BDate, StudentFlag, Student_no, TeacherFlag) VALUES (22, 'yirmiİkiOgr@gmail.com', '222222', 'Çoruh', 'Sönmez', '05075466198', '24-08-199', 1, '05180000101', 0);
INSERT INTO[USER](Member_id, Email, [Password], FName, LName, Phone, BDate, StudentFlag, TeacherFlag, Title) VALUES (23, 'yirmiUcTea@gmail.com', '232323', 'Mustafa', 'Terzi', '05318956612', '21-02-1981', 0, 1, 'Asistan');
INSERT INTO[USER](Member_id, Email, [Password], FName, LName, Phone, BDate, StudentFlag, Student_no, TeacherFlag) VALUES (24, 'yirmiDortOgr@gmail.com', '242424', 'Enes', 'Orhan', '05558997132', '01-03-1996', 1, '05180000102', 0);
INSERT INTO[USER](Member_id, Email, [Password], FName, LName, Phone, BDate, StudentFlag, Student_no, TeacherFlag) VALUES (25, 'yirmiBesOgr@gmail.com', '252525', 'Mehmet', 'Öztürk', '05056632624', '11-11-1997', 1, '05180000103', 0);
INSERT INTO[USER](Member_id, Email, [Password], FName, LName, Phone, BDate, StudentFlag, TeacherFlag, Title) VALUES (26, 'yirmiAltiTea@gmail.com', '262626', 'Mücahit', 'Cengiz', '05421591514', '22-12-1970', 0, 1, 'Doçent');
INSERT INTO[USER](Member_id, Email, [Password], FName, LName, Phone, BDate, StudentFlag, Student_no, TeacherFlag) VALUES (27, 'yirmiYediOgr@gmail.com', '272727', 'Ferhat', 'Karslı', '05359876542', '15-08-1998', 1, '05180000104', 0);
INSERT INTO[USER](Member_id, Email, [Password], FName, LName, Phone, BDate, StudentFlag, Student_no, TeacherFlag) VALUES (28, 'yirmiSekizOgr@gmail.com', '282828', 'Mahir', 'Cümbüş', '05542583613', '04-02-1998', 1, '05180000105', 0);
INSERT INTO[USER](Member_id, Email, [Password], FName, LName, Phone, BDate, StudentFlag, Student_no, TeacherFlag) VALUES (29, 'yirmiDokuzOgr@gmail.com', '292929', 'Zeliha', 'Kaya', '05552221123', '24-08-1998', 1, '05180000106', 0);
INSERT INTO[USER](Member_id, Email, [Password], FName, LName, Phone, BDate, StudentFlag, TeacherFlag, Title) VALUES (30, 'otuzTea@gmail.com', '303030', 'Ahmet', 'Topçu', '05456665543', '21-02-1951', 0, 1, 'Profesör');
INSERT INTO[USER](Member_id, Email, [Password], FName, LName, Phone, BDate, StudentFlag, Student_no, TeacherFlag) VALUES (31, 'otuzBirOgr@gmail.com', '313131', 'Rıdvan', 'Yılmaz', '05336669987', '01-03-1996', 1, '05180000107', 0);
INSERT INTO[USER](Member_id, Email, [Password], FName, LName, Phone, BDate, StudentFlag, Student_no, TeacherFlag) VALUES (32, 'otuzİkiOgr@gmail.com', '323232', 'Montero', 'Kasap', '05050550504', '11-11-1996', 1, '05180000108', 0);
INSERT INTO[USER](Member_id, Email, [Password], FName, LName, Phone, BDate, StudentFlag, TeacherFlag, Title) VALUES (33, 'otuzUcTea@gmail.com', '333333', 'Uğurcan', 'Kaleci', '05079998876', '22-12-1970', 0, 1, 'Doçent');
INSERT INTO[USER](Member_id, Email, [Password], FName, LName, Phone, BDate, StudentFlag, Student_no, TeacherFlag) VALUES (34, 'otuzDortOgr@gmail.com', '343434', 'Ekin', 'Özyurtlu', '05066665543', '15-08-1998', 1, '05180000109', 0);
INSERT INTO[USER](Member_id, Email, [Password], FName, LName, Phone, BDate, StudentFlag, Student_no, TeacherFlag) VALUES (35, 'otuzBesOgr@gmail.com', '353535', 'Zehra', 'Yiğit', '05051112232', '04-02-1998', 1, '05120000121', 0);

-- UNIVERSITY

INSERT INTO UNIVERSITY VALUES(100, 'egeUni@ege.edu.tr', 'egeuni123', 'Ege Üniversitesi', 'www.egeuniversitesi.com', '2000', 9);
INSERT INTO UNIVERSITY VALUES(101, 'itu@itu.edu.tr', 'itu123', 'İstanbul Teknik Üniversitesi', 'www.itu.com', '3000', 19);

-- COMPANY

INSERT INTO COMPANY VALUES(102, 'vestel@iletisim.com.tr', 'vestel123', 'Vestel', 'www.vestel.com', '200');
INSERT INTO COMPANY VALUES(103, 'arcelik@iletisim.com.tr', 'arcelik123', 'Arçelik', 'www.arcelik.com', '300');
INSERT INTO COMPANY VALUES(104, 'yemeksepeti@iletisim.com.tr', 'yemeksepeti123', 'Yemek Sepeti', 'www.yemeksepeti.com', '350');

-- MESSAGE

INSERT INTO[MESSAGE] (SenderID, ReceiverID, Msg_date, Msg_text) VALUES (1, 2, '01-02-2022', 'Merhaba, nasılsınız? Umarım iyisinizdir...');
INSERT INTO[MESSAGE] (SenderID, ReceiverID, Msg_date, Msg_text) VALUES (2, 3, '01-02-2022', 'Merhaba, nasılsınız? Umarım iyisinizdir...');
INSERT INTO[MESSAGE] (SenderID, ReceiverID, Msg_date, Msg_text) VALUES (3, 1, '01-02-2022', 'Merhaba, nasılsınız? Umarım iyisinizdir...');
INSERT INTO[MESSAGE] (SenderID, ReceiverID, Msg_date, Msg_text) VALUES (11, 22, '01-02-2022', 'Merhaba, nasılsınız? Umarım iyisinizdir...');
INSERT INTO[MESSAGE] (SenderID, ReceiverID, Msg_date, Msg_text) VALUES (14, 25, '01-02-2022', 'Merhaba, nasılsınız? Umarım iyisinizdir...');
INSERT INTO[MESSAGE] (SenderID, ReceiverID, Msg_date, Msg_text) VALUES (13, 12, '01-02-2022', 'Merhaba, nasılsınız? Umarım iyisinizdir...');
INSERT INTO[MESSAGE] (SenderID, ReceiverID, Msg_date, Msg_text) VALUES (19, 20, '01-02-2022', 'Merhaba, nasılsınız? Umarım iyisinizdir...');
INSERT INTO[MESSAGE] (SenderID, ReceiverID, Msg_date, Msg_text) VALUES (8, 28, '01-02-2022', 'Merhaba, nasılsınız? Umarım iyisinizdir...');
INSERT INTO[MESSAGE] (SenderID, ReceiverID, Msg_date, Msg_text) VALUES (33, 34, '01-02-2022', 'Merhaba, nasılsınız? Umarım iyisinizdir...');
INSERT INTO[MESSAGE] (SenderID, ReceiverID, Msg_date, Msg_text) VALUES (1, 34, '01-02-2022', 'Merhaba, nasılsınız? Umarım iyisinizdir...');
INSERT INTO[MESSAGE] (SenderID, ReceiverID, Msg_date, Msg_text) VALUES (6, 7, '01-02-2022', 'Merhaba, nasılsınız? Umarım iyisinizdir...');

-- CONNECT

INSERT INTO[CONNECT] (Member_id1, Member_id2) VALUES (1,2);
INSERT INTO[CONNECT] (Member_id1, Member_id2) VALUES (1,3);
INSERT INTO[CONNECT] (Member_id1, Member_id2) VALUES (1,4);
INSERT INTO[CONNECT] (Member_id1, Member_id2) VALUES (1,5);
INSERT INTO[CONNECT] (Member_id1, Member_id2) VALUES (11,12);
INSERT INTO[CONNECT] (Member_id1, Member_id2) VALUES (12,15);
INSERT INTO[CONNECT] (Member_id1, Member_id2) VALUES (19,20);
INSERT INTO[CONNECT] (Member_id1, Member_id2) VALUES (4,2);
INSERT INTO[CONNECT] (Member_id1, Member_id2) VALUES (5,2);
INSERT INTO[CONNECT] (Member_id1, Member_id2) VALUES (6,12);
INSERT INTO[CONNECT] (Member_id1, Member_id2) VALUES (1,12);
INSERT INTO[CONNECT] (Member_id1, Member_id2) VALUES (33,22);
INSERT INTO[CONNECT] (Member_id1, Member_id2) VALUES (14,22);
INSERT INTO[CONNECT] (Member_id1, Member_id2) VALUES (30,1);
INSERT INTO[CONNECT] (Member_id1, Member_id2) VALUES (30,2);

-- GROUP

INSERT INTO[GROUP] (GroupID, [Name], No_of_members) VALUES (1, 'Yazılımcılar', 10);
INSERT INTO[GROUP] (GroupID, [Name], No_of_members) VALUES (2, 'JavaScript Developers', 15);
INSERT INTO[GROUP] (GroupID, [Name], No_of_members) VALUES (3, 'Tıp Dünyası', 10);
INSERT INTO[GROUP] (GroupID, [Name], No_of_members) VALUES (4, 'Eczacılar Birliği Grubu', 15);
INSERT INTO[GROUP] (GroupID, [Name], No_of_members) VALUES (5, 'İş Arayanlar', 25);

-- JOIN

INSERT INTO[JOIN] (GroupID, Member_id) VALUES (1, 1);
INSERT INTO[JOIN] (GroupID, Member_id) VALUES (1, 2);
INSERT INTO[JOIN] (GroupID, Member_id) VALUES (1, 13);
INSERT INTO[JOIN] (GroupID, Member_id) VALUES (2, 4);
INSERT INTO[JOIN] (GroupID, Member_id) VALUES (2, 5);
INSERT INTO[JOIN] (GroupID, Member_id) VALUES (2, 6);
INSERT INTO[JOIN] (GroupID, Member_id) VALUES (3, 7);
INSERT INTO[JOIN] (GroupID, Member_id) VALUES (3, 8);
INSERT INTO[JOIN] (GroupID, Member_id) VALUES (3, 9);
INSERT INTO[JOIN] (GroupID, Member_id) VALUES (4, 10);
INSERT INTO[JOIN] (GroupID, Member_id) VALUES (4, 11);
INSERT INTO[JOIN] (GroupID, Member_id) VALUES (4, 12);
INSERT INTO[JOIN] (GroupID, Member_id) VALUES (5, 33);
INSERT INTO[JOIN] (GroupID, Member_id) VALUES (5, 32);
INSERT INTO[JOIN] (GroupID, Member_id) VALUES (5, 31);

-- ACCOMPLISHMENT

INSERT INTO ACCOMPLISHMENT(Acc_id, Member_id, CertFlag, Cer_name, Cer_description, ExpFlag, Exp_St_Date, Exp_fin_Date, Exp_Comp_name, EduFlag, Edu_Level, LanFlag, L_name, Lan_level) VALUES
(1, 1, 1, 'Makine öğrenmesi sertifikası', 'Makine Öğrenmesi alanında 1 aylık bir eğitim tamamladı.', 1, '01-08-2021', '02-02-2022', 'Arçelik', 0, null, 1, 'English', 'Advanced')

INSERT INTO ACCOMPLISHMENT(Acc_id, Member_id, CertFlag, Cer_name, Cer_description, ExpFlag, Exp_St_Date, Exp_fin_Date, Exp_Comp_name, EduFlag, Edu_Level, LanFlag, L_name, Lan_level) VALUES
(2, 3, 1, 'Python Eğitimi', 'Python ile ileri düzeyde eğitim aldı.', 1, '01-08-2021', '02-02-2022', 'Getir', 0, null, 1, 'English', 'Advanced')

INSERT INTO ACCOMPLISHMENT(Acc_id, Member_id, CertFlag, Cer_name, Cer_description, ExpFlag, Exp_St_Date, Exp_fin_Date, Exp_Comp_name, EduFlag, Edu_Level, LanFlag, L_name, Lan_level) VALUES
(3, 4, 1, 'Görüntü İşleme', 'Görüntü İşleme alanında 1 aylık bir eğitim tamamladı.', 1, '01-08-2021', '02-02-2022', 'Apple', 1, 'Yüksek Lisans', 1, 'English', 'Advanced')

INSERT INTO ACCOMPLISHMENT(Acc_id, Member_id, CertFlag, Cer_name, Cer_description, ExpFlag, Exp_St_Date, Exp_fin_Date, Exp_Comp_name, EduFlag, Edu_Level, LanFlag, L_name, Lan_level) VALUES
(4, 6, 0, null, null, 1, '01-08-2021', '02-02-2022', 'YemekSepeti', 0, null, 1, 'Spanish', 'Advanced')

INSERT INTO ACCOMPLISHMENT(Acc_id, Member_id, CertFlag, Cer_name, Cer_description, ExpFlag, Exp_St_Date, Exp_fin_Date, Exp_Comp_name, EduFlag, Edu_Level, LanFlag, L_name, Lan_level) VALUES
(5, 7, 0, null, null, 0, null, null, null, 0, null, 1, 'English', 'Advanced')

INSERT INTO ACCOMPLISHMENT(Acc_id, Member_id, CertFlag, Cer_name, Cer_description, ExpFlag, Exp_St_Date, Exp_fin_Date, Exp_Comp_name, EduFlag, Edu_Level, LanFlag, L_name, Lan_level) VALUES
(6, 27, 1, 'Android Geliştiricisi Sertifikası', 'Androidin temellerini öğrendi.', 1, '01-08-2021', '02-02-2022', 'PeakGames', 0, null, 1, 'English', 'Upper intermediate')

INSERT INTO ACCOMPLISHMENT(Acc_id, Member_id, CertFlag, Cer_name, Cer_description, ExpFlag, Exp_St_Date, Exp_fin_Date, Exp_Comp_name, EduFlag, Edu_Level, LanFlag, L_name, Lan_level) VALUES
(7, 28, 1, 'Makine öğrenmesi sertifikası', 'Makine Öğrenmesi alanında 1 aylık bir eğitim tamamladı.', 0, null, null, null, 0, null, 1, 'English', 'Upper intermediate')

-- JOB_POST

INSERT INTO JOB_POST(Jp_id, Publisher_member_id, Jp_title) VALUES (1, 33, 'Data Scientist aranıyor.');
INSERT INTO JOB_POST(Jp_id, Publisher_member_id, Jp_title) VALUES (2, 33, 'Android Developer aranıyor.');
INSERT INTO JOB_POST(Jp_id, Publisher_member_id, Jp_title) VALUES (3, 30, 'Data Scientist aranıyor.');
INSERT INTO JOB_POST(Jp_id, Publisher_member_id, Jp_title) VALUES (4, 30, 'Frontend Developer aranıyor.');
INSERT INTO JOB_POST(Jp_id, Publisher_member_id, Jp_title) VALUES (5, 26, 'Backend Developer aranıyor.');

-- APPLY 

INSERT INTO [APPLY](Jp_id, Publisher_member_id, Applier_member_id) VALUES (1, 33, 1);
INSERT INTO [APPLY](Jp_id, Publisher_member_id, Applier_member_id) VALUES (2, 33, 3);
INSERT INTO [APPLY](Jp_id, Publisher_member_id, Applier_member_id) VALUES (3, 30, 4);
INSERT INTO [APPLY](Jp_id, Publisher_member_id, Applier_member_id) VALUES (4, 30, 31);
INSERT INTO [APPLY](Jp_id, Publisher_member_id, Applier_member_id) VALUES (5, 26, 32);

-- POST

INSERT INTO POST(Post_id, Post_date, Post_text, creator_memberID) 
VALUES (1, '01-01-2022', 'Herkese mutlu yıllar dilerim.', 1);

INSERT INTO POST(Post_id, Post_date, Post_text, creator_memberID) 
VALUES (2, '01-01-2022', 'Tüm öğrencilerime iyi yıllar!!', 2);

INSERT INTO POST(Post_id, Post_date, Post_text, creator_memberID) 
VALUES (3, '05-11-2021', 'İş görüşmelerinde yapılmaması gerekenler...', 3);

INSERT INTO POST(Post_id, Post_date, Post_text, creator_memberID) 
VALUES (4, '12-08-2021', 'Staj maceram', 4);

INSERT INTO POST(Post_id, Post_date, Post_text, creator_memberID) 
VALUES (5, '12-08-2021', 'Python Trickleri: 1-...', 5);

INSERT INTO POST(Post_id, Post_date, Post_text, creator_memberID) 
VALUES (6, '12-09-2021', 'Android Studio hataları', 6);

-- LIKE 

INSERT INTO [LIKE](Member_id, Post_id) VALUES (1,1);
INSERT INTO [LIKE](Member_id, Post_id) VALUES (1,2);
INSERT INTO [LIKE](Member_id, Post_id) VALUES (1,3);
INSERT INTO [LIKE](Member_id, Post_id) VALUES (2,2);
INSERT INTO [LIKE](Member_id, Post_id) VALUES (2,3);
INSERT INTO [LIKE](Member_id, Post_id) VALUES (2,4);
INSERT INTO [LIKE](Member_id, Post_id) VALUES (22,1);
INSERT INTO [LIKE](Member_id, Post_id) VALUES (22,2);
INSERT INTO [LIKE](Member_id, Post_id) VALUES (33,1);
INSERT INTO [LIKE](Member_id, Post_id) VALUES (33,5);
INSERT INTO [LIKE](Member_id, Post_id) VALUES (33,6);
INSERT INTO [LIKE](Member_id, Post_id) VALUES (34,1);
INSERT INTO [LIKE](Member_id, Post_id) VALUES (34,3);
INSERT INTO [LIKE](Member_id, Post_id) VALUES (31,3);
INSERT INTO [LIKE](Member_id, Post_id) VALUES (31,1);
INSERT INTO [LIKE](Member_id, Post_id) VALUES (21,2);
INSERT INTO [LIKE](Member_id, Post_id) VALUES (22,3);
INSERT INTO [LIKE](Member_id, Post_id) VALUES (22,4);

-- SHARE

INSERT INTO SHARE(Member_id, Post_id, S_date) VALUES (1,1, '02-02-2022');
INSERT INTO SHARE(Member_id, Post_id, S_date) VALUES (1,2, '02-02-2022');
INSERT INTO SHARE(Member_id, Post_id, S_date) VALUES (1,3, '02-02-2022');
INSERT INTO SHARE(Member_id, Post_id, S_date) VALUES (2,2, '02-02-2022');
INSERT INTO SHARE(Member_id, Post_id, S_date) VALUES (2,3, '02-02-2022');
INSERT INTO SHARE(Member_id, Post_id, S_date) VALUES (2,4, '02-02-2022');
INSERT INTO SHARE(Member_id, Post_id, S_date) VALUES (22,1, '02-02-2022');
INSERT INTO SHARE(Member_id, Post_id, S_date) VALUES (22,2, '02-02-2022');
INSERT INTO SHARE(Member_id, Post_id, S_date) VALUES (33,5, '02-02-2022');
INSERT INTO SHARE(Member_id, Post_id, S_date) VALUES (33,6, '02-02-2022');
INSERT INTO SHARE(Member_id, Post_id, S_date) VALUES (34,1, '02-02-2022');
INSERT INTO SHARE(Member_id, Post_id, S_date) VALUES (34,3, '02-02-2022');
INSERT INTO SHARE(Member_id, Post_id, S_date) VALUES (31,3, '02-02-2022');
INSERT INTO SHARE(Member_id, Post_id, S_date) VALUES (31,1, '02-02-2022');
INSERT INTO SHARE(Member_id, Post_id, S_date) VALUES (21,2, '02-02-2022');
INSERT INTO SHARE(Member_id, Post_id, S_date) VALUES (22,3, '02-02-2022');
INSERT INTO SHARE(Member_id, Post_id, S_date) VALUES (22,4, '02-02-2022');

-- COMMENT

INSERT INTO COMMENT(Member_id, Post_id, C_date, C_text) VALUES (1,1, '02-02-2022', 'Teşekkürler');
INSERT INTO COMMENT(Member_id, Post_id, C_date, C_text) VALUES (1,2, '02-02-2022', 'Mutlu Yıllar..');
INSERT INTO COMMENT(Member_id, Post_id, C_date, C_text) VALUES (1,3, '02-02-2022', 'Sağolun!');
INSERT INTO COMMENT(Member_id, Post_id, C_date, C_text) VALUES (2,2, '02-02-2022', 'Mutlu yıllar size de.');
INSERT INTO COMMENT(Member_id, Post_id, C_date, C_text) VALUES (2,3, '02-02-2022', 'Harika bilgiler');
INSERT INTO COMMENT(Member_id, Post_id, C_date, C_text) VALUES (2,4, '02-02-2022', 'Teşekkürler');
INSERT INTO COMMENT(Member_id, Post_id, C_date, C_text) VALUES (22,1, '02-02-2022', 'Mutlu Yıllar..');
INSERT INTO COMMENT(Member_id, Post_id, C_date, C_text) VALUES (22,2, '02-02-2022', 'Mutlu Yıllar..');
INSERT INTO COMMENT(Member_id, Post_id, C_date, C_text) VALUES (33,5, '02-02-2022', 'Teşekkürler');
INSERT INTO COMMENT(Member_id, Post_id, C_date, C_text) VALUES (33,6, '02-02-2022', 'Teşekkürler, çok işime yaradı');
INSERT INTO COMMENT(Member_id, Post_id, C_date, C_text) VALUES (34,1, '02-02-2022', 'Mutlu Yıllar..');
INSERT INTO COMMENT(Member_id, Post_id, C_date, C_text) VALUES (34,3, '02-02-2022', 'Teşekkürler, çok işime yaradı');
INSERT INTO COMMENT(Member_id, Post_id, C_date, C_text) VALUES (31,3, '02-02-2022', 'Teşekkürler, çok işime yaradı');
INSERT INTO COMMENT(Member_id, Post_id, C_date, C_text) VALUES (31,1, '02-02-2022', 'Mutlu Yıllar..');
INSERT INTO COMMENT(Member_id, Post_id, C_date, C_text) VALUES (21,2, '02-02-2022', 'Mutlu Yıllar..');
INSERT INTO COMMENT(Member_id, Post_id, C_date, C_text) VALUES (22,3, '02-02-2022', 'Efsane..');
INSERT INTO COMMENT(Member_id, Post_id, C_date, C_text) VALUES (22,4, '02-02-2022', 'Efsane..');

-- FOLLOW

INSERT INTO FOLLOW(User_memberID, Organization_memberID) VALUES (1,1);
INSERT INTO FOLLOW(User_memberID, Organization_memberID) VALUES (1,2);
INSERT INTO FOLLOW(User_memberID, Organization_memberID) VALUES (2,1);
INSERT INTO FOLLOW(User_memberID, Organization_memberID) VALUES (5,1);
INSERT INTO FOLLOW(User_memberID, Organization_memberID) VALUES (6,1);
INSERT INTO FOLLOW(User_memberID, Organization_memberID) VALUES (15,1);
INSERT INTO FOLLOW(User_memberID, Organization_memberID) VALUES (15,2);
INSERT INTO FOLLOW(User_memberID, Organization_memberID) VALUES (17,2);
INSERT INTO FOLLOW(User_memberID, Organization_memberID) VALUES (19,1);
INSERT INTO FOLLOW(User_memberID, Organization_memberID) VALUES (31,1);

-- FACULTY

INSERT INTO FACULTY(F_id, F_name, Dean_ID, Dean_StartDate, University_id) VALUES(1, 'Mühendislik Fakültesi', 30, '01-01-2020', 100);
INSERT INTO FACULTY(F_id, F_name, Dean_ID, Dean_StartDate, University_id) VALUES(2, 'Tıp Fakültesi', 33, '01-01-2021', 100);
INSERT INTO FACULTY(F_id, F_name, Dean_ID, Dean_StartDate, University_id) VALUES(3, 'Eczacılık Fakültesi', 26, '01-01-2019', 100);
INSERT INTO FACULTY(F_id, F_name, Dean_ID, Dean_StartDate, University_id) VALUES(4, 'Mühendislik Fakültesi', 19, '01-01-2020', 101);

-- DEPARTMENT

INSERT INTO DEPARTMENT(Dep_id, Dep_name, Chair_ID, Chair_StartDate, Faculty_id) VALUES(1, 'Computer Engineering', 5, '01-02-2019', 1)
INSERT INTO DEPARTMENT(Dep_id, Dep_name, Chair_ID, Chair_StartDate, Faculty_id) VALUES(2, 'Electronic Engineering', 12, '01-02-2019', 1)
INSERT INTO DEPARTMENT(Dep_id, Dep_name, Chair_ID, Chair_StartDate, Faculty_id) VALUES(3, 'Tıp', 9, '01-02-2019', 2)
INSERT INTO DEPARTMENT(Dep_id, Dep_name, Chair_ID, Chair_StartDate, Faculty_id) VALUES(4, 'Eczacılık Bölümü', 2, '01-04-2020', 3)
INSERT INTO DEPARTMENT(Dep_id, Dep_name, Chair_ID, Chair_StartDate, Faculty_id) VALUES(5, 'Electric Engineering', 36, '04-12-2018', 4)

-- COURSE

INSERT INTO COURSE(Course_id, Course_Name, Dep_id, Teacher_ID) VALUES (1, 'Bilgisayar Ağları', 1, 5)
INSERT INTO COURSE(Course_id, Course_Name, Dep_id, Teacher_ID) VALUES (2, 'Görüntü İşleme', 1, 5)

INSERT INTO COURSE(Course_id, Course_Name, Dep_id, Teacher_ID) VALUES (3, 'Termodinamik', 2, 12)
INSERT INTO COURSE(Course_id, Course_Name, Dep_id, Teacher_ID) VALUES (4, 'Electric', 2, 12)

INSERT INTO COURSE(Course_id, Course_Name, Dep_id, Teacher_ID) VALUES (5, 'Temel Tıp Bilimleri', 3, 9)
INSERT INTO COURSE(Course_id, Course_Name, Dep_id, Teacher_ID) VALUES (6, 'Kardiyoloji', 3, 9)

INSERT INTO COURSE(Course_id, Course_Name, Dep_id, Teacher_ID) VALUES (7, 'Farmakoloji', 4, 2)
INSERT INTO COURSE(Course_id, Course_Name, Dep_id, Teacher_ID) VALUES (8, 'Patofizyoloji', 4, 2)

INSERT INTO COURSE(Course_id, Course_Name, Dep_id, Teacher_ID) VALUES (9, 'Termodinamik', 5, 36)
INSERT INTO COURSE(Course_id, Course_Name, Dep_id, Teacher_ID) VALUES (10, 'Electric', 5, 36)

-- ENROLL

INSERT INTO ENROLL(Course_id, Member_id) VALUES (1, 1);
INSERT INTO ENROLL(Course_id, Member_id) VALUES (2, 1);
INSERT INTO ENROLL(Course_id, Member_id) VALUES (1, 3);
INSERT INTO ENROLL(Course_id, Member_id) VALUES (2, 3);
INSERT INTO ENROLL(Course_id, Member_id) VALUES (1, 4);
INSERT INTO ENROLL(Course_id, Member_id) VALUES (2, 4);
INSERT INTO ENROLL(Course_id, Member_id) VALUES (1, 6);
INSERT INTO ENROLL(Course_id, Member_id) VALUES (2, 6);
INSERT INTO ENROLL(Course_id, Member_id) VALUES (1, 7);
INSERT INTO ENROLL(Course_id, Member_id) VALUES (2, 7);
INSERT INTO ENROLL(Course_id, Member_id) VALUES (1, 8);

INSERT INTO ENROLL(Course_id, Member_id) VALUES (3, 10);
INSERT INTO ENROLL(Course_id, Member_id) VALUES (4, 10);
INSERT INTO ENROLL(Course_id, Member_id) VALUES (3, 11);
INSERT INTO ENROLL(Course_id, Member_id) VALUES (4, 11);
INSERT INTO ENROLL(Course_id, Member_id) VALUES (3, 13);
INSERT INTO ENROLL(Course_id, Member_id) VALUES (4, 13);
INSERT INTO ENROLL(Course_id, Member_id) VALUES (3, 14);
INSERT INTO ENROLL(Course_id, Member_id) VALUES (4, 14);

INSERT INTO ENROLL(Course_id, Member_id) VALUES (5, 34);
INSERT INTO ENROLL(Course_id, Member_id) VALUES (6, 34);
INSERT INTO ENROLL(Course_id, Member_id) VALUES (5, 35);
INSERT INTO ENROLL(Course_id, Member_id) VALUES (6, 35);

INSERT INTO ENROLL(Course_id, Member_id) VALUES (7, 31);
INSERT INTO ENROLL(Course_id, Member_id) VALUES (8, 31);
INSERT INTO ENROLL(Course_id, Member_id) VALUES (7, 32);
INSERT INTO ENROLL(Course_id, Member_id) VALUES (8, 32);

INSERT INTO ENROLL(Course_id, Member_id) VALUES (9, 27);
INSERT INTO ENROLL(Course_id, Member_id) VALUES (10, 27);
INSERT INTO ENROLL(Course_id, Member_id) VALUES (9, 28);
INSERT INTO ENROLL(Course_id, Member_id) VALUES (10, 28);
INSERT INTO ENROLL(Course_id, Member_id) VALUES (10, 29);

-- HOMEWORK

INSERT INTO HOMEWORK(Hw_id, Hw_Name, Course_id) VALUES (1, 'Yaygın Bilgisayar Ağları Araştırması', 1);
INSERT INTO HOMEWORK(Hw_id, Hw_Name, Course_id) VALUES (2, 'Termodinamiğin 2. Yasası', 3);
INSERT INTO HOMEWORK(Hw_id, Hw_Name, Course_id) VALUES (3, 'Temel Tıp Bilimleri Araştırması', 5);
INSERT INTO HOMEWORK(Hw_id, Hw_Name, Course_id) VALUES (4, 'Farmakolojinin Tarihi', 7);
INSERT INTO HOMEWORK(Hw_id, Hw_Name, Course_id) VALUES (5, 'Termodinamiğin 3. Yasası', 9);

-- WORKS ON

INSERT INTO WORKS_ON(Hw_id, Member_id) VALUES (1, 1);
INSERT INTO WORKS_ON(Hw_id, Member_id) VALUES (1, 3);
INSERT INTO WORKS_ON(Hw_id, Member_id) VALUES (1, 4);
INSERT INTO WORKS_ON(Hw_id, Member_id) VALUES (1, 6);

INSERT INTO WORKS_ON(Hw_id, Member_id) VALUES (2, 10);
INSERT INTO WORKS_ON(Hw_id, Member_id) VALUES (2, 11);
INSERT INTO WORKS_ON(Hw_id, Member_id) VALUES (2, 13);
INSERT INTO WORKS_ON(Hw_id, Member_id) VALUES (2, 14);

INSERT INTO WORKS_ON(Hw_id, Member_id) VALUES (3, 34);
INSERT INTO WORKS_ON(Hw_id, Member_id) VALUES (3, 35);

INSERT INTO WORKS_ON(Hw_id, Member_id) VALUES (4, 31);
INSERT INTO WORKS_ON(Hw_id, Member_id) VALUES (4, 32);

INSERT INTO WORKS_ON(Hw_id, Member_id) VALUES (5, 28);
INSERT INTO WORKS_ON(Hw_id, Member_id) VALUES (5, 29);